{
  "params": {
    "batch_size": 32,
    "epochs": 15.0,
    "learning_rate": 0.007298980742643463,
    "max_depth": 3.0
  },
  "accuracy": 0.9642857142857143,
  "loss": 0.3685277044773102,
  "auc": 0.9954710144927535,
  "results_dir": "outputs/pipeline/optdigits/bagging/run_20250501_020749/single_tree/optdigits_20250501_020749",
  "noise_level": 0.3
}