{
  "params": {
    "batch_size": 32,
    "epochs": 20.0,
    "learning_rate": 0.012588577179296756,
    "max_depth": 4.0
  },
  "accuracy": 0.9714285714285714,
  "loss": 0.36247549057006834,
  "auc": 0.9621829710144928,
  "results_dir": "outputs/pipeline/hypothyroid/subset/run_20250501_010800/single_tree/hypothyroid_20250501_010800",
  "noise_level": 0.3
}