{
  "params": {
    "batch_size": 64,
    "epochs": 15.0,
    "learning_rate": 0.02665479833404231,
    "max_depth": 4.0,
    "num_trees": 15.0,
    "subset_share": 0.5643983047141164
  },
  "accuracy": 0.9706405693950177,
  "auc": 0.9980535886609815,
  "baseline": 0.10142348754448399,
  "results_dir": "outputs/pipeline/optdigits/subset/run_20250501_021517/multi_tree/optdigits_20250501_021549",
  "noise_level": 0.3
}