{
  "params": {
    "batch_size": 128,
    "epochs": 5.0,
    "learning_rate": 0.061304956491712845,
    "max_depth": 4.0
  },
  "accuracy": 0.9642857142857143,
  "loss": 0.29986928403377533,
  "auc": 0.9762228260869564,
  "results_dir": "outputs/pipeline/ecoli/bagging_subset/run_20250501_023239/single_tree/ecoli_20250501_023239",
  "noise_level": 0.3
}