{
  "params": {
    "batch_size": 32,
    "epochs": 5.0,
    "learning_rate": 0.04563971852111635,
    "max_depth": 7.0
  },
  "accuracy": 0.9714285714285714,
  "loss": 0.3378182888031006,
  "auc": 0.9551630434782609,
  "results_dir": "outputs/pipeline/breast_cancer_wisconsin/bagging_subset/run_20250501_005630/single_tree/breast_cancer_wisconsin_20250501_005630",
  "noise_level": 0.3
}