{
  "params": {
    "batch_size": 64,
    "epochs": 10.0,
    "learning_rate": 0.009327423827206768,
    "max_depth": 4.0,
    "num_trees": 35.0
  },
  "accuracy": 0.9652777777777778,
  "auc": 0.9919914480977458,
  "baseline": 0.9256944444444445,
  "results_dir": "outputs/pipeline/ann_thyroid/bagging/run_20250501_024015/multi_tree/ann_thyroid_20250501_024041",
  "noise_level": 0.3
}