{
  "params": {
    "batch_size": 64,
    "epochs": 10.0,
    "learning_rate": 0.04530800854604705,
    "max_depth": 5.0,
    "num_trees": 20.0,
    "subset_share": 0.8360372971167813
  },
  "accuracy": 0.9594594594594594,
  "auc": 0.9972026209677419,
  "baseline": 0.3108108108108108,
  "results_dir": "outputs/pipeline/dermatology/bagging_subset/run_20250501_110213/multi_tree/dermatology_20250501_110236",
  "noise_level": 0.3
}