{
    "dataset": "hypothyroid",
    "noise_level": 0.3,
    "bagging": true,
    "subset_selection": false,
    "single_tree_params": {
        "batch_size": 128,
        "epochs": 10.0,
        "learning_rate": 0.09156880244097378,
        "max_depth": 4.0
    },
    "multi_tree_params": {
        "batch_size": 128,
        "epochs": 10.0,
        "learning_rate": 0.09156880244097378,
        "max_depth": 4.0,
        "num_trees": 15.0
    },
    "final_results": {
        "loss": 0.04739336492891,
        "accuracy": 0.95260663507109,
        "auc": 0.6367053620784964,
        "baseline": 0.95260663507109,
        "execution_time": 0.12141939401626586
    }
}