{
  "params": {
    "batch_size": 256,
    "epochs": 10.0,
    "learning_rate": 0.07536450873692217,
    "max_depth": 6.0
  },
  "accuracy": 0.9642857142857143,
  "loss": 0.38186919689178467,
  "auc": 0.9646739130434782,
  "results_dir": "outputs/pipeline/dna/bagging/run_20250501_104941/single_tree/dna_20250501_104941",
  "noise_level": 0.3
}