{
  "params": {
    "batch_size": 64,
    "epochs": 15.0,
    "learning_rate": 0.08311985816413349,
    "max_depth": 3.0,
    "num_trees": 10.0
  },
  "accuracy": 0.9777777777777777,
  "auc": 0.994043642938118,
  "baseline": 0.9256944444444445,
  "results_dir": "outputs/pipeline/ann_thyroid/base/run_20250501_023311/multi_tree/ann_thyroid_20250501_023332",
  "noise_level": 0.3
}