{
  "params": {
    "batch_size": 256,
    "epochs": 20.0,
    "learning_rate": 0.048316589263969846,
    "max_depth": 4.0
  },
  "accuracy": 0.9714285714285714,
  "loss": 0.3551979959011078,
  "auc": 0.9669384057971014,
  "results_dir": "outputs/pipeline/dermatology/bagging/run_20250501_110014/single_tree/dermatology_20250501_110014",
  "noise_level": 0.3
}