{
  "params": {
    "batch_size": 128,
    "epochs": 5.0,
    "learning_rate": 0.061304956491712845,
    "max_depth": 4.0,
    "num_trees": 30.0,
    "subset_share": 0.7908372159505206
  },
  "accuracy": 0.7121212121212122,
  "auc": 0.9580018126503582,
  "baseline": 0.4393939393939394,
  "results_dir": "outputs/pipeline/ecoli/bagging_subset/run_20250501_023239/multi_tree/ecoli_20250501_023258",
  "noise_level": 0.3
}