{
  "params": {
    "batch_size": 128,
    "epochs": 15.0,
    "learning_rate": 0.050101378424653724,
    "max_depth": 4.0,
    "num_trees": 30.0
  },
  "accuracy": 0.8787878787878788,
  "auc": 0.9754203811810476,
  "baseline": 0.4393939393939394,
  "results_dir": "outputs/pipeline/ecoli/bagging/run_20250501_022944/multi_tree/ecoli_20250501_023018",
  "noise_level": 0.3
}