{
  "params": {
    "batch_size": 32,
    "epochs": 10.0,
    "learning_rate": 0.03605284073908383,
    "max_depth": 6.0,
    "num_trees": 5.0,
    "subset_share": 0.8767316547241006
  },
  "accuracy": 0.788235294117647,
  "auc": 0.9454252865190365,
  "baseline": 0.25882352941176473,
  "results_dir": "outputs/pipeline/vehicle/subset/run_20250501_003304/multi_tree/vehicle_20250501_003331",
  "noise_level": 0.3
}