{
  "params": {
    "batch_size": 128,
    "epochs": 10.0,
    "learning_rate": 0.021124564628442498,
    "max_depth": 3.0,
    "num_trees": 20.0
  },
  "accuracy": 0.95260663507109,
  "auc": 0.7492537313432835,
  "baseline": 0.95260663507109,
  "results_dir": "outputs/pipeline/hypothyroid/base/run_20250501_010418/multi_tree/hypothyroid_20250501_010451",
  "noise_level": 0.3
}