{
    "dataset": "nursery",
    "noise_level": 0.3,
    "bagging": false,
    "subset_selection": true,
    "single_tree_params": {
        "batch_size": 32,
        "epochs": 5.0,
        "learning_rate": 0.059150838115156756,
        "max_depth": 5.0
    },
    "multi_tree_params": {
        "batch_size": 32,
        "epochs": 5.0,
        "learning_rate": 0.059150838115156756,
        "max_depth": 5.0,
        "num_trees": 25.0,
        "subset_share": 0.8803364656168418
    },
    "final_results": {
        "loss": 0.03433641975308643,
        "accuracy": 0.9656635802469136,
        "auc": 0.9979511785980938,
        "baseline": 0.3333333333333333,
        "execution_time": 2.44475337266922
    }
}