{
    "dataset": "dermatology",
    "noise_level": 0.3,
    "bagging": true,
    "subset_selection": false,
    "single_tree_params": {
        "batch_size": 256,
        "epochs": 20.0,
        "learning_rate": 0.048316589263969846,
        "max_depth": 4.0
    },
    "multi_tree_params": {
        "batch_size": 256,
        "epochs": 20.0,
        "learning_rate": 0.048316589263969846,
        "max_depth": 4.0,
        "num_trees": 25.0
    },
    "final_results": {
        "loss": 0.16216216216216217,
        "accuracy": 0.8378378378378378,
        "auc": 0.9935931899641576,
        "baseline": 0.3108108108108108,
        "execution_time": 0.05951118469238281
    }
}