{
  "params": {
    "batch_size": 256,
    "epochs": 10.0,
    "learning_rate": 0.032266678519392356,
    "max_depth": 7.0
  },
  "accuracy": 0.9642857142857143,
  "loss": 0.33513370156288147,
  "auc": 0.994338768115942,
  "results_dir": "outputs/pipeline/churn/base/run_20250501_110403/single_tree/churn_20250501_110403",
  "noise_level": 0.3
}