{
    "dataset": "ecoli",
    "noise_level": 0.3,
    "bagging": false,
    "subset_selection": false,
    "single_tree_params": {
        "batch_size": 64,
        "epochs": 5.0,
        "learning_rate": 0.031067848958796225,
        "max_depth": 4.0
    },
    "multi_tree_params": {
        "batch_size": 64,
        "epochs": 5.0,
        "learning_rate": 0.031067848958796225,
        "max_depth": 4.0,
        "num_trees": 35.0
    },
    "final_results": {
        "loss": 0.4696969696969697,
        "accuracy": 0.5303030303030303,
        "auc": 0.9496873636727006,
        "baseline": 0.4393939393939394,
        "execution_time": 0.03816240231196086
    }
}