{
    "dataset": "vehicle",
    "noise_level": 0.3,
    "bagging": false,
    "subset_selection": true,
    "single_tree_params": {
        "batch_size": 32,
        "epochs": 10.0,
        "learning_rate": 0.03605284073908383,
        "max_depth": 6.0
    },
    "multi_tree_params": {
        "batch_size": 32,
        "epochs": 10.0,
        "learning_rate": 0.03605284073908383,
        "max_depth": 6.0,
        "num_trees": 5.0,
        "subset_share": 0.8767316547241006
    },
    "final_results": {
        "loss": 0.24117647058823533,
        "accuracy": 0.7588235294117647,
        "auc": 0.9101941287878788,
        "baseline": 0.25882352941176473,
        "execution_time": 0.13066712220509846
    }
}