{
  "params": {
    "batch_size": 128,
    "epochs": 5.0,
    "learning_rate": 0.08497777919301919,
    "max_depth": 3.0,
    "num_trees": 20.0,
    "subset_share": 0.47382054591184364
  },
  "accuracy": 0.9743055555555555,
  "auc": 0.9949621883209215,
  "baseline": 0.9256944444444445,
  "results_dir": "outputs/pipeline/ann_thyroid/bagging_subset/run_20250501_032757/multi_tree/ann_thyroid_20250501_032817",
  "noise_level": 0.3
}