{
  "params": {
    "batch_size": 64,
    "epochs": 15.0,
    "learning_rate": 0.08311985816413349,
    "max_depth": 3.0
  },
  "accuracy": 0.9714285714285714,
  "loss": 0.34350915749867755,
  "auc": 0.9590126811594202,
  "results_dir": "outputs/pipeline/ann_thyroid/base/run_20250501_023311/single_tree/ann_thyroid_20250501_023311",
  "noise_level": 0.3
}