{
    "dataset": "car_evaluation",
    "noise_level": 0.3,
    "bagging": false,
    "subset_selection": false,
    "single_tree_params": {
        "batch_size": 256,
        "epochs": 15.0,
        "learning_rate": 0.07414782864594498,
        "max_depth": 3.0
    },
    "multi_tree_params": {
        "batch_size": 256,
        "epochs": 15.0,
        "learning_rate": 0.07414782864594498,
        "max_depth": 3.0,
        "num_trees": 35.0
    },
    "final_results": {
        "loss": 0.138728323699422,
        "accuracy": 0.861271676300578,
        "auc": 0.9630057128582405,
        "baseline": 0.6994219653179191,
        "execution_time": 0.1144602656364441
    }
}