{
  "params": {
    "batch_size": 256,
    "epochs": 15.0,
    "learning_rate": 0.09820855032272119,
    "max_depth": 3.0
  },
  "accuracy": 0.9714285714285714,
  "loss": 0.3583868741989136,
  "auc": 0.9730525362318841,
  "results_dir": "outputs/pipeline/dna/bagging_subset/run_20250501_105641/single_tree/dna_20250501_105641",
  "noise_level": 0.3
}