{
  "params": {
    "batch_size": 256,
    "epochs": 20.0,
    "learning_rate": 0.08207816075907697,
    "max_depth": 3.0,
    "num_trees": 50.0
  },
  "accuracy": 0.9642857142857143,
  "auc": 0.9526721014492755,
  "baseline": 0.6571428571428571,
  "results_dir": "outputs/pipeline/breast_cancer_wisconsin/bagging/run_20250501_005357/multi_tree/breast_cancer_wisconsin_20250501_005421",
  "noise_level": 0.3
}