{
  "params": {
    "batch_size": 32,
    "epochs": 5.0,
    "learning_rate": 0.06862388860085235,
    "max_depth": 6.0
  },
  "accuracy": 0.9714285714285714,
  "loss": 0.3398864150047302,
  "auc": 0.9540307971014494,
  "results_dir": "outputs/pipeline/ann_thyroid/subset/run_20250501_025011/single_tree/ann_thyroid_20250501_025011",
  "noise_level": 0.3
}