{
    "dataset": "vehicle",
    "noise_level": 0.3,
    "bagging": false,
    "subset_selection": false,
    "single_tree_params": {
        "batch_size": 64,
        "epochs": 20.0,
        "learning_rate": 0.01686033813545456,
        "max_depth": 5.0
    },
    "multi_tree_params": {
        "batch_size": 64,
        "epochs": 20.0,
        "learning_rate": 0.01686033813545456,
        "max_depth": 5.0,
        "num_trees": 40.0
    },
    "final_results": {
        "loss": 0.2529411764705882,
        "accuracy": 0.7470588235294118,
        "auc": 0.9210365719350095,
        "baseline": 0.25882352941176473,
        "execution_time": 0.6047815322875977
    }
}