{
  "params": {
    "batch_size": 64,
    "epochs": 5.0,
    "learning_rate": 0.031067848958796225,
    "max_depth": 4.0
  },
  "accuracy": 0.9642857142857143,
  "loss": 0.35089049736658734,
  "auc": 0.976449275362319,
  "results_dir": "outputs/pipeline/ecoli/base/run_20250501_022902/single_tree/ecoli_20250501_022902",
  "noise_level": 0.3
}